UNITID,ClassificationName,InstitutionName,sportsExpenses,F1C011,F1C071,totalExp,instrExp,adminExp,cohortSize,completed,gradRate,spendRate,instrShare,adminShare,division
126182,NCAA Division II with football,Adams State University,7289037,24872466,7874508,62664066,24872466,7874508,359,115,0.3203342618384401,0.11631924746153562,0.39691752526878804,0.12566225753687926,D-II
100654,NCAA Division I-FCS,Alabama A & M University,12639752,32549205,31080494,227586697,32549205,31080494,1284,369,0.28738317757009346,0.0555381846417851,0.14301892610181868,0.13656551287793417,D-I FCS
100724,NCAA Division I-FCS,Alabama State University,14050365,43009909,30297411,161817460,43009909,30297411,951,287,0.3017875920084122,0.0868284856281887,0.2657927580867973,0.18723202675409686,D-I FCS
138716,NCAA Division II with football,Albany State University,3146021,37045795,15571115,134089303,37045795,15571115,602,178,0.2956810631229236,0.023462132546098774,0.2762770345670303,0.11612496039300017,D-II
175342,NCAA Division I-FCS,Alcorn State University,7695116,12286962,14698258,84630780,12286962,14698258,728,336,0.46153846153846156,0.09092573647554708,0.14518313549751047,0.17367508606206866,D-I FCS
222831,NCAA Division II with football,Angelo State University,8700652,58191385,26345840,168269709,58191385,26345840,1559,635,0.40731237973059653,0.051706584932645246,0.3458221051538159,0.15656911845018998,D-II
197869,NCAA Division I-FBS,Appalachian State University,43110256,168675447,42650183,509921064,168675447,42650183,3302,2414,0.7310720775287705,0.0845429989924872,0.33078736868967623,0.08364075542484356,D-I FBS
104151,NCAA Division I-FBS,Arizona State University Campus Immersion,126892086,1352205000,257002000,3612963000,1352205000,257002000,11163,7574,0.6784914449520738,0.03512133559076027,0.37426483470769006,0.07113330526772624,D-I FBS
106458,NCAA Division I-FBS,Arkansas State University,28162528,71679219,15077113,229666336,71679219,15077113,1375,764,0.5556363636363636,0.12262366566426174,0.31210154804751183,0.06564790148435162,D-I FBS
106467,NCAA Division II with football,Arkansas Tech University,6927036,45598230,22114713,129612144,45598230,22114713,1510,761,0.5039735099337749,0.05344434391888464,0.3518052289915056,0.1706222296577395,D-II
100858,NCAA Division I-FBS,Auburn University,182486390,300285653,107658460,1419815257,300285653,107658460,4762,3772,0.7921041579168416,0.12852826387116362,0.21149628553399888,0.07582568187601889,D-I FBS
100830,NCAA Division II without football,Auburn University at Montgomery,5881453,31968642,15014880,97380380,31968642,15014880,625,223,0.3568,0.060396693872009945,0.3282862728611246,0.15418793806308828,D-II
482149,NCAA Division II without football,Augusta University,5496309,155131408,89439373,840770632,155131408,89439373,882,429,0.48639455782312924,0.006537227622860167,0.18451097373724634,0.1063778509808844,D-II
219602,NCAA Division I-FCS,Austin Peay State University,25678171,79899887,15355929,185648454,79899887,15355929,1047,499,0.47659980897803245,0.13831610469538302,0.4303827221744599,0.08271509225711085,D-I FCS
150136,NCAA Division I-FBS,Ball State University,29737219,189074200,75104397,473404626,189074200,75104397,3966,2512,0.6333837619768028,0.06281564937643849,0.39939237940611083,0.15864736606946464,D-I FBS
173124,NCAA Division II with football,Bemidji State University,10346770,31372000,13609000,81009000,31372000,13609000,736,393,0.5339673913043478,0.12772370971126665,0.38726561246281277,0.1679936797145996,D-II
196079,NCAA Division I without football,Binghamton University,22955758,243964121,83466242,658565929,243964121,83466242,2672,2235,0.8364520958083832,0.034857190433245144,0.3704475288760345,0.12673938678658853,D-I no football
219046,NCAA Division II with football,Black Hills State University,6195391,13948899,5985806,49493877,13948899,5985806,455,187,0.41098901098901097,0.12517489789696612,0.2818308010099916,0.12094033369016535,D-II
237215,NCAA Division II with football,Bluefield State University,5739643,8615683,3165959,27327190,8615683,3165959,126,47,0.373015873015873,0.21003414547928273,0.31527877546136285,0.1158538071422638,D-II
142115,NCAA Division I-FBS,Boise State University,59885465,162764444,49425700,540895783,162764444,49425700,2662,1647,0.6187077385424493,0.11071534828364524,0.3009164595391198,0.09137749184485693,D-I FBS
162007,NCAA Division II with football,Bowie State University,5422803,48630797,26897861,191801187,48630797,26897861,1075,410,0.3813953488372093,0.028273041918139955,0.25354794597804026,0.14023824054853215,D-II
201441,NCAA Division I-FBS,Bowling Green State University-Main Campus,31864946,172121477,42508072,418291702,172121477,42508072,3285,2062,0.6277016742770167,0.07617876674971669,0.41148671173017914,0.1016230343484079,D-I FBS
165024,NCAA Division III with football,Bridgewater State University,4405901,93800308,30380319,225735536,93800308,30380319,1476,806,0.5460704607046071,0.019517977001193114,0.4155318638001241,0.1345836793724848,D-III
110422,NCAA Division I-FCS,California Polytechnic State University-San Luis Obispo,35298634,234019258,43187599,646068904,234019258,43187599,5241,4465,0.8519366533104369,0.054636020680543386,0.36222027797827583,0.06684673837823342,D-I FCS
115755,NCAA Division II without football,California State Polytechnic University-Humboldt,7902578,70504638,26805606,233609145,70504638,26805606,1188,554,0.4663299663299663,0.033828204799088664,0.3018059845217104,0.11474553361342082,D-II
110529,NCAA Division II without football,California State Polytechnic University-Pomona,8274566,188433231,51537148,552342228,188433231,51537148,3668,2448,0.6673936750272628,0.014980867984622026,0.34115304144371883,0.09330655051780687,D-II
110486,NCAA Division I without football,California State University-Bakersfield,17837609,74583566,28975108,244170444,74583566,28975108,1383,682,0.49313087490961677,0.07305392375827437,0.30545697824098644,0.11866754847691557,D-I no football
110538,NCAA Division II without football,California State University-Chico,7241067,116885501,43660884,366695439,116885501,43660884,2769,1762,0.6363308053448898,0.019746815012880486,0.3187536264938381,0.11906579508887756,D-II
110547,NCAA Division II without football,California State University-Dominguez Hills,6724276,108215954,45898210,353373816,108215954,45898210,1635,766,0.4685015290519878,0.019028789614678184,0.3062364813130354,0.12988571286787134,D-II
110574,NCAA Division II without football,California State University-East Bay,8753696,95284266,32213206,319092533,95284266,32213206,1393,634,0.45513280689160085,0.027433095715843656,0.2986101401501614,0.10095255347137816,D-II
110556,NCAA Division I-FBS,California State University-Fresno,55761420,172475667,60626101,495423703,172475667,60626101,3307,1813,0.5482310250982764,0.11255299183777648,0.3481376969967059,0.12237222529500168,D-I FBS
110565,NCAA Division I without football,California State University-Fullerton,24240924,256007394,93022663,718109353,256007394,93022663,4305,2980,0.6922183507549361,0.03375659138643749,0.3565019630095251,0.12953829749102294,D-I no football
110583,NCAA Division I without football,California State University-Long Beach,27086185,300963222,72079114,791535280,300963222,72079114,4107,2869,0.698563428293158,0.03421980761236568,0.3802271731968789,0.0910624148048082,D-I no football
110592,NCAA Division II without football,California State University-Los Angeles,8213047,171169239,70993584,541948969,171169239,70993584,3405,1790,0.5256975036710719,0.0151546501050729,0.3158401413989958,0.13099680608489173,D-II
409698,NCAA Division II without football,California State University-Monterey Bay,6776827,70791480,27311550,264890397,70791480,27311550,922,583,0.6323210412147505,0.025583513320039306,0.2672481932215912,0.10310509670911173,D-II
110608,NCAA Division I without football,California State University-Northridge,21703752,238550196,64381666,716535259,238550196,64381666,5174,2907,0.5618477000386548,0.03028985905074631,0.3329217829879325,0.08985135789388977,D-I no football
110617,NCAA Division I-FCS,California State University-Sacramento,33323561,229894561,64494850,682631804,229894561,64494850,3481,1943,0.5581729388106866,0.0488163030271001,0.33677680947897937,0.09447970285310645,D-I FCS
110510,NCAA Division II without football,California State University-San Bernardino,8450299,151709646,63857780,398078306,151709646,63857780,2483,1357,0.5465163109142167,0.021227730505866852,0.381105033138882,0.1604151219433696,D-II
366711,NCAA Division II without football,California State University-San Marcos,8644811,111689670,44176241,346890538,111689670,44176241,2405,1303,0.5417879417879418,0.02492086134675717,0.3219738152673395,0.1273492244980173,D-II
110495,NCAA Division II without football,California State University-Stanislaus,8012687,90130089,29073733,254096410,90130089,29073733,1362,790,0.580029368575624,0.03153404253133683,0.35470823456340844,0.11442008566748346,D-II
206914,NCAA Division II without football,Cameron University,4341234,24071565,7655234,56038406,24071565,7655234,325,98,0.30153846153846153,0.0774689058785862,0.4295547771290996,0.13660691919038526,D-II
128771,NCAA Division I-FCS,Central Connecticut State University,15396494,134609227,35658349,284295817,134609227,35658349,1417,699,0.49329569513055754,0.05415659703498205,0.47348296721509625,0.12542692107214506,D-I FCS
169248,NCAA Division I-FBS,Central Michigan University,36647135,101949930,37734737,454644042,101949930,37734737,3045,1883,0.6183908045977011,0.08060621412476357,0.22424120978583065,0.0829984196735608,D-I FBS
201690,NCAA Division II with football,Central State University,3552206,14128387,15100810,96109186,14128387,15100810,661,169,0.2556732223903177,0.03696010909924885,0.1470035028701627,0.15712140148601406,D-II
234827,NCAA Division II with football,Central Washington University,9520870,105196068,40228643,272704843,105196068,40228643,1681,838,0.49851279000594884,0.03491272797087802,0.3857506410328034,0.14751715648848965,D-II
180948,NCAA Division II with football,Chadron State College,6518222,13478842,5364170,45858873,13478842,5364170,394,150,0.38071065989847713,0.14213655010667184,0.2939200446552622,0.11697125657667165,D-II
144005,NCAA Division I without football,Chicago State University,8264373,51278656,22076076,98033547,51278656,22076076,118,20,0.1694915254237288,0.08430147896209447,0.52307253556785,0.2251889957628484,D-I no football
231712,NCAA Division III with football,Christopher Newport University,13164664,53804548,18535692,192068796,53804548,18535692,1292,970,0.7507739938080495,0.06854139909327073,0.2801316461628676,0.09650548337898676,D-III
217864,NCAA Division I-FCS,Citadel Military College of South Carolina,17130667,48178136,19737018,152404256,48178136,19737018,677,493,0.7282127031019202,0.11240281242539578,0.3161206731654528,0.1295043755208516,D-I FCS
139311,NCAA Division II without football,Clayton  State University,2404110,35650792,17155943,95321201,35650792,17155943,518,185,0.35714285714285715,0.02522114676251299,0.3740069536052111,0.17998034875788022,D-II
217882,NCAA Division I-FBS,Clemson University,171016070,370502919,96308486,1328776111,370502919,96308486,3644,3203,0.8789791437980241,0.12870194503368823,0.27883020768726025,0.07247909200258042,D-I FBS
202134,NCAA Division I without football,Cleveland State University,15154801,163859151,34996614,353867142,163859151,34996614,1926,942,0.48909657320872274,0.04282624522397731,0.4630527436763259,0.09889760830068817,D-I no football
218724,NCAA Division I-FBS,Coastal Carolina University,43509290,103660405,21229021,258710441,103660405,21229021,2380,1210,0.5084033613445378,0.168177557240529,0.4006811808573277,0.08205707090113151,D-I FBS
217819,NCAA Division I without football,College of Charleston,24751280,101916529,49983262,284797495,101916529,49983262,1836,1193,0.6497821350762527,0.08690834868473826,0.3578561286151762,0.17550457036147737,D-I no football
190558,NCAA Division II without football,College of Staten Island CUNY,3210884,117688336,26791631,212955079,117688336,26791631,704,350,0.4971590909090909,0.015077752618428978,0.5526439498538562,0.12580883783476232,D-II
127556,NCAA Division II with football,Colorado Mesa University,14313950,75222605,12493893,176715864,75222605,12493893,1160,583,0.5025862068965518,0.08099980203248759,0.4256697915926778,0.0707004607124576,D-II
126775,NCAA Division II with football,Colorado School of Mines,14787316,129288541,51758560,374433421,129288541,51758560,1132,907,0.8012367491166078,0.039492511006382625,0.34529113521626587,0.1382316777753661,D-II
128106,NCAA Division II with football,Colorado State University Pueblo,11703976,22329369,7319241,105251445,22329369,7319241,703,267,0.37980085348506404,0.11120014551819217,0.21215261225154677,0.0695405274483405,D-II
126818,NCAA Division I-FBS,Colorado State University-Fort Collins,50262504,454984530,96128526,1609309817,454984530,96128526,4856,3249,0.6690691927512356,0.031232335420470502,0.2827202849282066,0.059732765552377165,D-I FBS
139366,NCAA Division II without football,Columbus State University,3964679,50300349,24954290,128485169,50300349,24954290,893,377,0.4221724524076148,0.030857094486913116,0.39148758873485234,0.19421922541114453,D-II
498562,NCAA Division II with football,Commonwealth University of Pennsylvania,19268656,104859326,51505990,249651891,104859326,51505990,2881,1561,0.5418257549461992,0.07718209512781139,0.4200221579735601,0.20631123519108455,D-II
237330,NCAA Division II with football,Concord University,5114759,10754713,5589193,43283059,10754713,5589193,426,180,0.4225352112676056,0.11816999810480124,0.2484739583678686,0.12913119195202907,D-II
162283,NCAA Division I without football,Coppin State University,5007750,27870578,27547985,100965632,27870578,27547985,383,98,0.2558746736292428,0.04959856042895864,0.27604024704168645,0.2728451697306268,D-I no football
190512,NCAA Division III without football,CUNY Bernard M Baruch College,979548,184801845,51312519,346753871,184801845,51312519,1599,1153,0.7210756722951845,0.0028249086222890355,0.5329481815647849,0.14797965730568585,D-III
190549,NCAA Division III without football,CUNY Brooklyn College,901765,163889843,36367454,305446997,163889843,36367454,1642,929,0.5657734470158343,0.002952279802574062,0.5365573883838184,0.119063059572329,D-III
190567,NCAA Division III without football,CUNY City College,967310,261996657,56160171,552675408,261996657,56160171,1683,920,0.5466428995840761,0.0017502316658171264,0.47405159196082775,0.10161510750628513,D-III
190594,NCAA Division III without football,CUNY Hunter College,1502705,213625565,60586299,428888250,213625565,60586299,2330,1421,0.6098712446351932,0.003503721540517839,0.498091437571442,0.1412636018823085,D-III
190600,NCAA Division III without football,CUNY John Jay College of Criminal Justice,2445318,172236907,36248014,344761197,172236907,36248014,1831,1016,0.5548880393227744,0.007092787765207812,0.4995832144068116,0.1051394829679745,D-III
190637,NCAA Division III without football,CUNY Lehman College,826211,155673236,26186344,272838845,155673236,26186344,919,453,0.4929270946681175,0.003028201501146217,0.5705684467327223,0.09597733050072103,D-III
190646,NCAA Division III without football,CUNY Medgar Evers College,818590,73134923,15224291,136662413,73134923,15224291,149,38,0.2550335570469799,0.005989869357860673,0.5351502391517118,0.11140071849894821,D-III
190664,NCAA Division II without football,CUNY Queens College,5383780,177554542,43855390,348169565,177554542,43855390,1639,986,0.6015863331299572,0.01546309770068501,0.5099657174227736,0.12595986096602096,D-II
190691,NCAA Division III without football,CUNY York College,1247264,72071557,21651774,141553422,72071557,21651774,1087,329,0.30266789328426863,0.008811259963747115,0.5091474016078538,0.15295832268894213,D-III
130934,NCAA Division I-FCS,Delaware State University,16266754,45312290,41159836,216967973,45312290,41159836,939,363,0.3865814696485623,0.07497306526433742,0.2088432194552511,0.18970466207931988,D-I FCS
175616,NCAA Division II with football,Delta State University,5145717,22556043,8443566,74081284,22556043,8443566,318,149,0.46855345911949686,0.06946041863961214,0.30447694454108004,0.11397704715809191,D-II
198464,NCAA Division I-FBS,East Carolina University,63575819,317449936,72076876,906502658,317449936,72076876,4305,2675,0.6213704994192799,0.07013307510897558,0.35019195277417486,0.0795109372972186,D-I FBS
207041,NCAA Division II with football,East Central University,6726034,19344140,3709608,63561829,19344140,3709608,452,148,0.3274336283185841,0.10581876113099263,0.30433579877004485,0.058362197223745714,D-II
212115,NCAA Division II with football,East Stroudsburg University of Pennsylvania,10662700,37894418,20612529,107300111,37894418,20612529,1280,561,0.43828125,0.09937268378035509,0.3531628965416448,0.192101655887383,D-II
220075,NCAA Division I-FCS,East Tennessee State University,19811089,175748200,29220607,440941851,175748200,29220607,2033,1014,0.4987702902115101,0.044929028521722245,0.3985745503662795,0.06626861780919951,D-I FCS
129215,NCAA Division III without football,Eastern Connecticut State University,4512866,63256688,19290155,147249398,63256688,19290155,903,525,0.5813953488372093,0.030647772155917404,0.4295887715615652,0.13100328600324737,D-III
144892,NCAA Division I-FCS,Eastern Illinois University,19027915,65178730,9389692,161033258,65178730,9389692,631,285,0.45166402535657685,0.1181613986844879,0.40475322184688084,0.05830902334473044,D-I FCS
156620,NCAA Division I-FCS,Eastern Kentucky University,25201223,112964864,55742178,312059824,112964864,55742178,2133,1178,0.5522737927801219,0.08075766587627121,0.361997461102202,0.17862657642209015,D-I FCS
169798,NCAA Division I-FBS,Eastern Michigan University,37094526,101328163,35658244,373949279,101328163,35658244,2783,1266,0.45490477901545096,0.09919667741891809,0.2709676651094706,0.09535583032906449,D-I FBS
187648,NCAA Division II with football,Eastern New Mexico University-Main Campus,8612575,25422288,8459856,82218939,25422288,8459856,618,247,0.39967637540453077,0.10475171663307405,0.3092023359727374,0.10289424921914889,D-II
235097,NCAA Division I-FCS,Eastern Washington University,20082060,106896738,22073377,242942135,106896738,22073377,1612,761,0.47208436724565755,0.08266190630126799,0.44000904989165424,0.09085857831948337,D-I FCS
198507,NCAA Division II with football,Elizabeth City State University,3918662,18821937,19946023,86851516,18821937,19946023,341,164,0.4809384164222874,0.04511909728783548,0.21671397192422065,0.22965658998974756,D-II
155025,NCAA Division II with football,Emporia State University,9372441,38370780,8830665,93857416,38370780,8830665,604,328,0.543046357615894,0.09985828930129506,0.40881990614359126,0.09408595906795474,D-II
237367,NCAA Division II with football,Fairmont State University,6088243,23414086,7984232,60059674,23414086,7984232,745,360,0.48322147651006714,0.10136989754556443,0.38984703779777424,0.13293831731420985,D-II
196042,NCAA Division III without football,Farmingdale State College,2922406,94923335,28137753,192225583,94923335,28137753,690,412,0.5971014492753624,0.015203002401610611,0.4938121841981876,0.14637881472831846,D-III
198543,NCAA Division II with football,Fayetteville State University,5532468,49777526,29460385,154727955,49777526,29460385,662,233,0.35196374622356497,0.035756098502045086,0.32170997154328057,0.1904011786364009,D-II
165820,NCAA Division III with football,Fitchburg State University,1987634,48717231,18848489,121349972,48717231,18848489,751,396,0.5272969374167776,0.01637935276985478,0.4014605870696039,0.1553233897738353,D-III
133650,NCAA Division I-FCS,Florida Agricultural and Mechanical University,12122966,104045680,35193997,381255297,104045680,35193997,1594,828,0.5194479297365119,0.03179750181936489,0.27290290998894634,0.09231084073305347,D-I FCS
133669,NCAA Division I-FBS,Florida Atlantic University,45319502,238007476,90273820,658272052,238007476,90273820,2750,1769,0.6432727272727272,0.06884615845729389,0.3615639996820038,0.13713755540087855,D-I FBS
433660,NCAA Division I without football,Florida Gulf Coast University,19524403,102912266,54296611,330030853,102912266,54296611,2558,1433,0.5602032838154808,0.059159326537267715,0.3118261976555265,0.16451980324397125,D-I no football
133951,NCAA Division I-FBS,Florida International University,41981914,386237573,114539082,1207256684,386237573,114539082,3464,2559,0.7387413394919169,0.03477463786814702,0.31992995202998603,0.09487550039524155,D-I FBS
134097,NCAA Division I-FBS,Florida State University,169896350,529301517,105285933,1644170359,529301517,105285933,6413,5322,0.829876812724154,0.10333257078258762,0.32192620071433853,0.0640359026202345,D-I FBS
155061,NCAA Division II with football,Fort Hays State University,7615055,57884524,12611138,156135073,57884524,12611138,932,451,0.48390557939914164,0.048772225571636935,0.3707336403525427,0.08077069269375498,D-II
127185,NCAA Division II with football,Fort Lewis College,8370166,31037241,10679986,100152574,31037241,10679986,693,299,0.4314574314574315,0.08357414758007119,0.30989958380899923,0.10663715942038594,D-II
139719,NCAA Division II with football,Fort Valley State University,5205897,13757010,14874733,98243891,13757010,14874733,509,230,0.4518664047151277,0.05298952379644654,0.1400291647650641,0.15140618768855563,D-II
165866,NCAA Division III with football,Framingham State University,1972566,29510051,12651983,132841012,29510051,12651983,757,375,0.4953764861294584,0.014849073868844058,0.22214563526510925,0.09524154332699604,D-III
218061,NCAA Division II without football,Francis Marion University,5617961,37539811,10317810,81496071,37539811,10317810,688,294,0.4273255813953488,0.06893536008625496,0.46063338439959883,0.1266049991538856,D-II
162584,NCAA Division II with football,Frostburg State University,9022066,39590331,17489093,116349231,39590331,17489093,774,403,0.520671834625323,0.07754297920542337,0.34027153131764143,0.15031550144065842,D-II
232186,NCAA Division I without football,George Mason University,29467186,497340036,89148443,1153407471,497340036,89148443,3439,2384,0.6932247746437918,0.025547940984335795,0.43119196685002226,0.07729136947821973,D-I no football
139861,NCAA Division II without football,Georgia College & State University,3557269,50334574,20306129,167205359,50334574,20306129,1439,886,0.6157053509381515,0.021274850407157105,0.3010344542844467,0.12144424748969918,D-II
139755,NCAA Division I-FBS,Georgia Institute of Technology-Main Campus,127823348,440939182,224109181,2515013436,440939182,224109181,2848,2628,0.922752808988764,0.05082412132290493,0.1753227937824822,0.08910854224160097,D-I FBS
139931,NCAA Division I-FBS,Georgia Southern University,36967213,128876530,48802292,478687002,128876530,48802292,4054,2141,0.5281203749383325,0.07722627279526591,0.2692292238175291,0.10195031784046645,D-I FBS
139764,NCAA Division II without football,Georgia Southwestern State University,2581476,19319712,8728940,52011592,19319712,8728940,445,142,0.31910112359550563,0.04963270495546454,0.37145011827363406,0.16782681829850546,D-II
139940,NCAA Division I-FBS,Georgia State University,39204432,208286131,46470598,958751834,208286131,46470598,4144,2226,0.5371621621621622,0.0408911155209326,0.21724717868962115,0.04846989215772389,D-I FBS
237385,NCAA Division II with football,Glenville State University,5084721,7763355,6090929,32470600,7763355,6090929,236,96,0.4067796610169492,0.1565946117410827,0.2390887448953823,0.187582890368518,D-II
159009,NCAA Division I-FCS,Grambling State University,14014943,21937656,23662379,108272306,21937656,23662379,906,293,0.32339955849889623,0.1294416228652228,0.20261557927841678,0.21854507282776447,D-I FCS
170082,NCAA Division II with football,Grand Valley State University,24678743,209383345,56300890,512398326,209383345,56300890,4089,2807,0.6864759109806798,0.04816319989304571,0.40863393648167384,0.10987719347076867,D-II
107071,NCAA Division II with football,Henderson State University,6175196,16437831,8579107,50940569,16437831,8579107,538,209,0.38847583643122674,0.12122353796244403,0.32268644270542013,0.16841403950552652,D-II
142276,NCAA Division I-FCS,Idaho State University,17201288,139155399,40470180,304621358,139155399,40470180,1172,441,0.37627986348122866,0.05646776743737056,0.4568143216011794,0.13285404630098196,D-I FCS
145813,NCAA Division I-FCS,Illinois State University,30786532,168466392,67494040,551396754,168466392,67494040,3331,2209,0.6631642149504653,0.05583372005124281,0.305526629922816,0.12240558093673508,D-I FCS
151324,NCAA Division I-FCS,Indiana State University,19636625,80134371,22102633,234585815,80134371,22102633,2671,1097,0.41070760014975666,0.08370764020833911,0.34159938869279033,0.09421981887523762,D-I FCS
213020,NCAA Division II with football,Indiana University of Pennsylvania-Main Campus,8999493,77884686,34310007,160174113,77884686,34310007,2305,1222,0.5301518438177875,0.05618568963138257,0.4862501470509158,0.21420444513402737,D-II
151351,NCAA Division I-FBS,Indiana University-Bloomington,164249955,761628765,170747029,1988476124,761628765,170747029,7964,6464,0.8116524359618282,0.08260091887329093,0.3830213276425541,0.08586828221830839,D-I FBS
151111,NCAA Division I without football,Indiana University-Purdue University-Indianapolis,11284503,573141972,17709469,1497112322,573141972,17709469,3875,2090,0.5393548387096774,0.007537512606218467,0.3828316443447187,0.011829085059123574,D-I no football
153603,NCAA Division I-FBS,Iowa State University,100471526,331108019,70707765,1403870589,331108019,70707765,5757,4345,0.7547333680736494,0.07156751255225563,0.2358536617223769,0.0503662983996027,D-I FBS
175856,NCAA Division I-FCS,Jackson State University,11948835,54826926,50720303,196195629,54826926,50720303,932,300,0.3218884120171674,0.06090265650107832,0.2794502929522451,0.25851902643559915,D-I FCS
101480,NCAA Division I-FBS,Jacksonville State University,29060404,56235532,27366480,179710578,56235532,27366480,1115,570,0.5112107623318386,0.16170669708713528,0.3129227707453036,0.1522808523825459,D-I FBS
232423,NCAA Division I-FCS,James Madison University,66110281,223170482,42746819,640290473,223170482,42746819,4658,3767,0.808716187204809,0.10325045239272207,0.3485456857640923,0.06676160399469196,D-I FCS
155399,NCAA Division I-FBS,Kansas State University,87502697,249891683,45427070,891477117,249891683,45427070,3300,2328,0.7054545454545454,0.09815473143546768,0.2803119432172705,0.05095707913723152,D-I FBS
185262,NCAA Division III with football,Kean University,5392019,144174440,66976632,317538735,144174440,66976632,1759,763,0.4337691870380898,0.016980665366699278,0.45403733185496253,0.21092428928395146,D-III
183062,NCAA Division III without football,Keene State College,4117119,31434640,13604958,95024291,31434640,13604958,924,540,0.5844155844155844,0.043327016246824716,0.3308063619227635,0.14317347550638393,D-III
486840,NCAA Division I-FCS,Kennesaw State University,32926067,231084578,64468434,671179691,231084578,64468434,5071,2437,0.48057582330901205,0.04905700729851196,0.34429614170193956,0.09605242063261417,D-I FCS
203517,NCAA Division I-FBS,Kent State University at Kent,34453185,243036699,53503792,592569822,243036699,53503792,4232,2770,0.6545368620037807,0.058141983815031335,0.41014018935307844,0.09029111847008638,D-I FBS
157058,NCAA Division II with football,Kentucky State University,5335353,9067867,19524537,85966369,9067867,19524537,236,69,0.2923728813559322,0.06206325871457942,0.10548156337741797,0.2271183164662916,D-II
213349,NCAA Division II with football,Kutztown University of Pennsylvania,9765008,63411022,22359431,161119947,63411022,22359431,1604,868,0.5411471321695761,0.060607070582018,0.39356406938242106,0.13877506426935457,D-II
170639,NCAA Division II without football,Lake Superior State University,5483521,15486037,8314043,54175789,15486037,8314043,325,189,0.5815384615384616,0.10121718762600762,0.285847927383208,0.1534641793587907,D-II
226091,NCAA Division I-FCS,Lamar University,23698410,71445144,23750534,260174602,71445144,23750534,1447,538,0.37180373185901866,0.09108656193889364,0.27460460571781714,0.09128690432281318,D-I FCS
218229,NCAA Division II without football,Lander University,13614478,22229861,15465318,81607521,22229861,15465318,765,373,0.4875816993464052,0.16682871668164018,0.27239966032052365,0.18950848905213039,D-II
177940,NCAA Division II with football,Lincoln University,6098394,13931862,11148473,66338354,13931862,11148473,453,101,0.2229580573951435,0.09192863000489883,0.21001217485739848,0.16805471236141917,D-II
232566,NCAA Division I without football,Longwood University,15258942,46088067,14672639,147154936,46088067,14672639,1013,624,0.6159921026653504,0.10369303548200381,0.3131941629195503,0.09970877905176079,D-I no football
159391,NCAA Division I-FBS,Louisiana State University and Agricultural & Mechanical College,218545643,510431999,98770477,1520489824,510431999,98770477,4900,3477,0.7095918367346938,0.14373370972326877,0.33570234469388993,0.06495964355760134,D-I FBS
159647,NCAA Division I-FBS,Louisiana Tech University,30305928,62360789,14415805,211741743,62360789,14415805,1832,1059,0.5780567685589519,0.1431268467455659,0.2945134394213426,0.06808201725249802,D-I FBS
161299,NCAA Division III with football,Maine Maritime Academy,2877592,12454661,13257989,44941444,12454661,13257989,239,148,0.6192468619246861,0.06402980731994282,0.27713085943566923,0.29500585250442773,D-III
237525,NCAA Division I-FBS,Marshall University,45966327,115821135,37651293,324609943,115821135,37651293,1749,850,0.48599199542595767,0.14160480290648397,0.3568009467904685,0.115989339858268,D-I FBS
167288,NCAA Division III without football,Massachusetts College of Liberal Arts,1899954,17544784,7369064,48410654,17544784,7369064,287,141,0.4912891986062718,0.039246608814662985,0.36241576079513405,0.15221988118565802,D-III
166692,NCAA Division III with football,Massachusetts Maritime Academy,1731294,24969227,14768741,80441032,24969227,14768741,388,307,0.7912371134020618,0.021522523480305426,0.3104041106782419,0.18359710999232332,D-III
159717,NCAA Division I-FCS,McNeese State University,16868726,27186989,8312970,95740394,27186989,8312970,1290,672,0.5209302325581395,0.17619236035314415,0.283965710439838,0.08682824096169899,D-I FCS
127565,NCAA Division II without football,Metropolitan State University of Denver,6432741,111511950,46992932,300701302,111511950,46992932,2074,620,0.29893924783027964,0.021392461413419488,0.3708395981604363,0.15627778026714365,D-II
204024,NCAA Division I-FBS,Miami University-Oxford,40819194,215699359,81586253,621992392,215699359,81586253,3817,3124,0.8184438040345822,0.06562651653784216,0.3467877771083734,0.13116921372247267,D-I FBS
171100,NCAA Division I-FBS,Michigan State University,164109191,858677615,211513297,3027225440,858677615,211513297,8007,6607,0.8251529911327589,0.05421109007329167,0.2836516909688761,0.06987034867148843,D-I FBS
171128,NCAA Division II with football,Michigan Technological University,12419740,91007781,28304852,300405295,91007781,28304852,1314,903,0.6872146118721462,0.04134327925211838,0.3029499896131991,0.09422221402588793,D-II
220978,NCAA Division I-FBS,Middle Tennessee State University,43275343,200931515,30439404,428915042,200931515,30439404,2976,1607,0.539986559139785,0.10089490636236535,0.4684646033001566,0.07096837606362148,D-I FBS
226833,NCAA Division II with football,Midwestern State University,7139767,50252853,10664619,123561930,50252853,10664619,814,336,0.41277641277641275,0.05778290287307749,0.4067017486696752,0.08630990953281484,D-II
214041,NCAA Division II with football,Millersville University of Pennsylvania,6081901,55431428,28109592,155992149,55431428,28109592,1342,730,0.5439642324888226,0.03898850704338973,0.3553475502154919,0.1801987611568836,D-II
174358,NCAA Division II with football,Minnesota State University Moorhead,6917138,37208000,11337000,91722000,37208000,11337000,829,453,0.5464414957780458,0.07541416454067726,0.4056605830662218,0.12360175312356905,D-II
173920,NCAA Division II with football,Minnesota State University-Mankato,17968500,116152000,29444000,267362000,116152000,29444000,2251,1218,0.5410928476232786,0.06720663370262042,0.4344372049879938,0.1101278416528901,D-II
200253,NCAA Division II with football,Minot State University,8625626,19604778,4539588,64383337,19604778,4539588,335,160,0.47761194029850745,0.13397295638776846,0.3045008058529181,0.07050874048358195,D-II
176080,NCAA Division I-FBS,Mississippi State University,125114437,179340242,101867119,929135153,179340242,101867119,3424,2154,0.6290887850467289,0.1346568759087732,0.19301846606593734,0.10963649224883003,D-I FBS
176044,NCAA Division I-FCS,Mississippi Valley State University,5346725,15020932,9117458,62267990,15020932,9117458,402,89,0.22139303482587064,0.0858663496284367,0.24123039783362205,0.1464228731327284,D-I FCS
178341,NCAA Division II with football,Missouri Southern State University,8861393,28882750,3110478,71343818,28882750,3110478,907,342,0.3770672546857773,0.12420687942436723,0.40483886074053393,0.04359842362235226,D-II
179566,NCAA Division I-FCS,Missouri State University-Springfield,25259555,142085666,35146089,383457396,142085666,35146089,3178,1822,0.5733165512901196,0.06587317199640087,0.37053833745848525,0.09165578592725852,D-I FCS
178411,NCAA Division II with football,Missouri University of Science and Technology,8140455,89902221,28662571,230741740,89902221,28662571,1412,898,0.6359773371104815,0.03527950773015753,0.3896227054541584,0.12421927216116165,D-II
178387,NCAA Division II with football,Missouri Western State University,8826709,17002080,11450104,64259682,17002080,11450104,870,346,0.39770114942528734,0.137359985690561,0.2645839423855225,0.1781848842638219,D-II
180461,NCAA Division I-FCS,Montana State University,28597087,140589276,35750467,625486321,140589276,35750467,2696,1557,0.5775222551928784,0.04571976402981961,0.22476794660390342,0.05715627312655491,D-I FCS
180179,NCAA Division II without football,Montana State University Billings,5660499,22877647,5424573,63487657,22877647,5424573,374,111,0.2967914438502674,0.0891590470884758,0.360347949208458,0.08544295468330167,D-II
185590,NCAA Division III with football,Montclair State University,4423665,185458000,80471000,515564000,185458000,80471000,3002,1929,0.6425716189207196,0.008580244159793934,0.3597186770216695,0.1560834348402914,D-III
157386,NCAA Division I-FCS,Morehead State University,12893166,54803996,17580360,153929964,54803996,17580360,1181,590,0.4995766299745978,0.08375994942739023,0.35603201986066857,0.11421012220856493,D-I FCS
163453,NCAA Division I-FCS,Morgan State University,21666097,77211887,62731869,426592054,77211887,62731869,1192,496,0.4161073825503356,0.050788796455172605,0.18099701172586774,0.14705353372568913,D-I FCS
157401,NCAA Division I-FCS,Murray State University,19402490,75837211,21234928,179660561,75837211,21234928,1319,830,0.6292645943896892,0.10799526558307919,0.42211384946081737,0.11819471052414225,D-I FCS
185129,NCAA Division III without football,New Jersey City University,2399812,50764783,25277623,148456282,50764783,25277623,950,368,0.3873684210526316,0.016165109132936523,0.34195106004338705,0.1702698104752482,D-III
185828,NCAA Division I without football,New Jersey Institute of Technology,18976621,146853000,92048000,480573000,146853000,92048000,1060,775,0.7311320754716981,0.03948748889346676,0.30557896511039945,0.19153801815749116,D-I no football
187897,NCAA Division II with football,New Mexico Highlands University,5727194,25724690,12440072,105582301,25724690,12440072,254,65,0.2559055118110236,0.05424388316750172,0.24364585499988298,0.11782345982400971,D-II
188030,NCAA Division I-FBS,New Mexico State University-Main Campus,38923972,139763409,30157115,536528383,139763409,30157115,2028,1059,0.522189349112426,0.07254783387666557,0.2604958347562388,0.0562078651484874,D-I FBS
159966,NCAA Division I-FCS,Nicholls State University,12953173,33462315,10591868,92642271,33462315,10591868,1020,568,0.5568627450980392,0.1398192516243476,0.3611992089442626,0.11433083284411281,D-I FCS
232937,NCAA Division I-FCS,Norfolk State University,21939879,65641702,57983169,228337626,65641702,57983169,1001,329,0.32867132867132864,0.09608525491107628,0.28747650201110525,0.2539361121324788,D-I FCS
199102,NCAA Division I-FCS,North Carolina A & T State University,18007107,101292382,54561969,395638972,101292382,54561969,2278,1259,0.5526777875329236,0.04551398692846669,0.25602225556283165,0.1379084793497037,D-I FCS
199157,NCAA Division I-FCS,North Carolina Central University,12472714,98893435,5664393,242721249,98893435,5664393,1264,581,0.4596518987341772,0.0513869883719987,0.4074362479899731,0.023337029713455373,D-I FCS
199193,NCAA Division I-FBS,North Carolina State University at Raleigh,124901094,561419293,140522859,1735117460,561419293,140522859,4647,3963,0.8528082633957392,0.07198422981692548,0.32356270162828055,0.08098751942707094,D-I FBS
200332,NCAA Division I-FCS,North Dakota State University-Main Campus,30251922,126752416,28020152,473113978,126752416,28020152,2613,1665,0.6371986222732492,0.06394214376815559,0.26791095147055666,0.05922495065237747,D-I FCS
207263,NCAA Division II with football,Northeastern State University,5586993,58301364,7205552,111903249,58301364,7205552,836,311,0.37200956937799046,0.049926995417264426,0.5209979560110896,0.06439090968663475,D-II
105330,NCAA Division I-FCS,Northern Arizona University,29460146,215808932,99381610,649970852,215808932,99381610,5256,2988,0.5684931506849316,0.04532533406590362,0.3320286307238898,0.15290164119544242,D-I FCS
147703,NCAA Division I-FBS,Northern Illinois University,24939848,177656557,54505591,472528849,177656557,54505591,1831,909,0.4964500273074823,0.0527795245788263,0.3759697579861415,0.1153487054078258,D-I FBS
157447,NCAA Division I without football,Northern Kentucky University,13467033,120026000,37406000,279013000,120026000,37406000,1948,966,0.49589322381930184,0.04826668649847857,0.43018067258514836,0.1340654378111414,D-I no football
171456,NCAA Division II with football,Northern Michigan University,14725721,58916748,17597551,190553492,58916748,17597551,1032,567,0.5494186046511628,0.07727867301429459,0.30918744853020064,0.09234966420872517,D-II
219259,NCAA Division II with football,Northern State University,8763650,19505261,5920621,51299095,19505261,5920621,269,148,0.550185873605948,0.17083439776081819,0.3802262203650961,0.11541375145117082,D-II
178624,NCAA Division II with football,Northwest Missouri State University,12203463,52003629,12611736,131886197,52003629,12611736,1157,665,0.57476231633535,0.09253025166841379,0.394306835612221,0.095625897833721,D-II
207306,NCAA Division II with football,Northwestern Oklahoma State University,6280965,12656223,1803404,38926448,12656223,1803404,319,113,0.3542319749216301,0.16135469128855529,0.3251317202124376,0.0463285013829158,D-II
160038,NCAA Division I-FCS,Northwestern State University of Louisiana,12032739,48463387,10409888,117112848,48463387,10409888,1233,562,0.4557988645579886,0.10274482437657054,0.4138178502840269,0.08888766841363127,D-I FCS
171571,NCAA Division I without football,Oakland University,16407364,148912619,26783561,356892059,148912619,26783561,2420,1378,0.5694214876033058,0.04597290297232419,0.4172483395042421,0.07504667118412965,D-I no football
204796,NCAA Division I-FBS,Ohio State University-Main Campus,262172467,1342876097,268767459,9100815015,1342876097,268767459,7196,6314,0.877431906614786,0.028807581141676464,0.14755558648172348,0.02953224063526359,D-I FBS
204857,NCAA Division I-FBS,Ohio University-Main Campus,32958838,246951867,71984712,672332343,246951867,71984712,3991,2652,0.6644951140065146,0.049021645832082184,0.3673062430673516,0.10706715622038727,D-I FBS
207388,NCAA Division I-FBS,Oklahoma State University-Main Campus,130346189,243664886,23059613,967457190,243664886,23059613,3791,2498,0.6589290424690055,0.13473070472503285,0.2518611557375474,0.02383527998794448,D-I FBS
232982,NCAA Division I-FBS,Old Dominion University,51827948,224168205,65043989,583388898,224168205,65043989,2850,1264,0.4435087719298246,0.0888394485696915,0.38425175002216105,0.11149336098610502,D-I FBS
209542,NCAA Division I-FBS,Oregon State University,112813895,355945349,161281409,1436765786,355945349,161281409,3418,2414,0.7062609713282622,0.07851933564904642,0.24774069125835935,0.11225309690106999,D-I FBS
498571,NCAA Division II with football,Pennsylvania Western University,21339912,109306404,34788870,292208117,109306404,34788870,2286,1214,0.531058617672791,0.07302983989318819,0.3740703890166063,0.11905511166892055,D-II
155681,NCAA Division II with football,Pittsburg State University,11519382,47385817,10104406,117602632,47385817,10104406,950,545,0.5736842105263158,0.0979517363182824,0.4029316027552853,0.08591989675877322,D-II
183080,NCAA Division III with football,Plymouth State University,3470714,34639827,12157204,95896165,34639827,12157204,1107,525,0.4742547425474255,0.03619241707945255,0.36122223448664503,0.12677466299095486,D-III
209807,NCAA Division I-FCS,Portland State University,17520602,199643302,58656563,542537339,199643302,58656563,1803,958,0.5313366611203549,0.03229381784541101,0.3679807593851158,0.10811525545525633,D-I FCS
227526,NCAA Division I-FCS,Prairie View A & M University,15374541,75267784,26413620,301166041,75267784,26413620,2087,902,0.4321993291806421,0.051050048501318245,0.24992121870739073,0.08770450981888758,D-I FCS
151102,NCAA Division I without football,Purdue University Fort Wayne,14832883,56257702,29356998,138245150,56257702,29356998,1456,474,0.32554945054945056,0.10729405697053386,0.4069415961427942,0.2123546323324905,D-I no football
490805,NCAA Division II without football,Purdue University Northwest,5041025,61459827,23820777,136107430,61459827,23820777,1070,471,0.44018691588785047,0.037037103705506745,0.4515537983488484,0.17501452345400983,D-II
243780,NCAA Division I-FBS,Purdue University-Main Campus,116766603,1024962792,196993977,2364258511,1024962792,196993977,7697,6397,0.8311030271534364,0.04938825532687276,0.4335239937727774,0.08332167404006863,D-I FBS
233277,NCAA Division I without football,Radford University,13291235,109949487,27622432,219703275,109949487,27622432,1842,914,0.496199782844734,0.06049629892863454,0.5004453711488825,0.12572608214420108,D-I no football
186201,NCAA Division III without football,Ramapo College of New Jersey,3836147,70596000,24894000,162883000,70596000,24894000,917,659,0.7186477644492911,0.023551549271563024,0.4334153963274252,0.1528336290466163,D-III
217420,NCAA Division III without football,Rhode Island College,3562475,72994744,19153646,158298512,72994744,19153646,1022,472,0.461839530332681,0.022504791453756685,0.46112084742780146,0.1209970059604856,D-III
207661,NCAA Division II without football,Rogers State University,5483426,12466255,4234918,47489911,12466255,4234918,354,110,0.3107344632768362,0.11546507214974566,0.26250322937012877,0.08917510921424973,D-II
184782,NCAA Division III with football,Rowan University,6483326,274615431,157385653,747740303,274615431,157385653,2456,1677,0.6828175895765473,0.008670558446546649,0.3672604377458573,0.21048170383294157,D-III
186371,NCAA Division III without football,Rutgers University-Camden,2524214,99702000,28578000,261008000,99702000,28578000,757,503,0.6644649933949802,0.00967102157788267,0.3819882915466193,0.10949089683074849,D-III
186380,NCAA Division I-FBS,Rutgers University-New Brunswick,155852426,949323000,267204000,4016884000,949323000,267204000,6034,5131,0.8503480278422274,0.03879933450903735,0.23633318761507677,0.06652021815915023,D-I FBS
186399,NCAA Division III without football,Rutgers University-Newark,3512632,185897000,53668000,489786000,185897000,53668000,1318,891,0.6760242792109257,0.00717176889498679,0.3795473941680652,0.10957438554797401,D-III
172051,NCAA Division II with football,Saginaw Valley State University,11611593,54229112,16055750,142759411,54229112,16055750,1217,655,0.5382087099424815,0.0813367953724606,0.3798636574649359,0.11246719139237693,D-II
174783,NCAA Division II without football,Saint Cloud State University,12690630,76751000,28836000,176792000,76751000,28836000,1456,683,0.4690934065934066,0.07178282953979818,0.434131634915607,0.16310692791529027,D-II
167729,NCAA Division III without football,Salem State University,1489054,51642943,13940957,173833496,51642943,13940957,1082,595,0.5499075785582255,0.008565978561462056,0.297082807331908,0.08019718478192488,D-III
163851,NCAA Division III with football,Salisbury University,4442868,73274134,24170589,201877319,73274134,24170589,1324,893,0.6744712990936556,0.022007762050773025,0.3629636769646223,0.11972909646179718,D-III
227881,NCAA Division I-FBS,Sam Houston State University,26567953,145606665,35657042,474594144,145606665,35657042,2780,1531,0.5507194244604317,0.05598036414035484,0.30680248975006313,0.07513165185620158,D-I FBS
122409,NCAA Division I-FBS,San Diego State University,83949123,307961090,70021729,1011693460,307961090,70021729,5084,3979,0.7826514555468135,0.08297881356275645,0.30440158227374525,0.06921239660875143,D-I FBS
122597,NCAA Division II without football,San Francisco State University,7671750,209886162,52176747,585132932,209886162,52176747,4084,2048,0.5014691478942214,0.013111123268652396,0.3586982555957045,0.08917075786805997,D-II
122755,NCAA Division I-FBS,San Jose State University,30593724,256724580,71276081,719318873,256724580,71276081,4320,2793,0.6465277777777778,0.04253151856339518,0.35689954710808763,0.09908829543528465,D-I FBS
140960,NCAA Division II with football,Savannah State University,2455344,20640067,9996453,77105155,20640067,9996453,594,165,0.2777777777777778,0.03184409654581461,0.26768725126095655,0.12964701257652617,D-II
237792,NCAA Division II with football,Shepherd University,5277628,21658313,4750248,52400353,21658313,4750248,590,292,0.49491525423728816,0.1007174131059766,0.4133237995553198,0.09065297708967723,D-II
216010,NCAA Division II with football,Shippensburg University of Pennsylvania,11030249,48859116,14627376,132538312,48859116,14627376,1209,624,0.5161290322580645,0.08322309854074496,0.3686414536500208,0.11036337930726023,D-II
216038,NCAA Division II with football,Slippery Rock University of Pennsylvania,7695271,68332315,25054154,164210754,68332315,25054154,1581,1042,0.6590765338393422,0.04686216226739937,0.4161257002693015,0.15257316216939118,D-II
123572,NCAA Division II without football,Sonoma State University,7606781,65137925,21584479,231770811,65137925,21584479,1796,1087,0.6052338530066815,0.032820271746816294,0.2810445574184059,0.09312854758056656,D-II
218733,NCAA Division I-FCS,South Carolina State University,13516308,21772900,23009862,110702243,21772900,23009862,561,165,0.29411764705882354,0.12209606267869387,0.1966798450506554,0.20785362045464606,D-I FCS
219347,NCAA Division II with football,South Dakota School of Mines and Technology,6125743,27274915,8434693,79834585,27274915,8434693,457,265,0.5798687089715536,0.07673044207594991,0.3416428481465771,0.10565211806386919,D-II
219356,NCAA Division I-FCS,South Dakota State University,26424829,90569644,25963012,343182722,90569644,25963012,2163,1301,0.6014794267221452,0.07699929893323709,0.26391085038366235,0.07565361055676922,D-I FCS
179557,NCAA Division I-FCS,Southeast Missouri State University,15758389,66602763,19710324,173879003,66602763,19710324,1680,937,0.5577380952380953,0.09062847571077919,0.3830408608910646,0.11335655058937737,D-I FCS
160612,NCAA Division I-FCS,Southeastern Louisiana University,17404468,70830835,19703833,184983121,70830835,19703833,2078,935,0.44995187680461984,0.09408678968066497,0.3829043137400628,0.10651692377922416,D-I FCS
207847,NCAA Division II with football,Southeastern Oklahoma State University,6560154,32276907,4071684,85540266,32276907,4071684,513,171,0.3333333333333333,0.0766908300238393,0.3773299816486425,0.04759961817280297,D-II
107983,NCAA Division II with football,Southern Arkansas University Main Campus,6653838,26016775,8364394,80935978,26016775,8364394,856,398,0.4649532710280374,0.08221112741727789,0.3214488246500215,0.10334580747266685,D-II
130493,NCAA Division II with football,Southern Connecticut State University,10950771,130767972,34695336,298747301,130767972,34695336,1353,647,0.4781966001478197,0.03665563157673515,0.43772101559504967,0.11613606510875223,D-II
149222,NCAA Division I-FCS,Southern Illinois University-Carbondale,28355917,162006250,51105209,704462804,162006250,51105209,1322,734,0.5552193645990923,0.04025182996035089,0.22997133287962782,0.07254493595661865,D-I FCS
149231,NCAA Division I without football,Southern Illinois University-Edwardsville,11235104,141422621,24189169,332150962,141422621,24189169,1772,974,0.5496613995485328,0.033825294174520563,0.42577814662478686,0.07282582851589031,D-I no football
160621,NCAA Division I-FCS,Southern University and A & M College,13026700,35777004,26932306,169554863,35777004,26932306,1223,348,0.28454619787408014,0.07682881970775442,0.21100547260623248,0.15884124774410038,D-I FCS
230603,NCAA Division I-FCS,Southern Utah University,18133901,82789904,26309951,231755905,82789904,26309951,1482,920,0.6207827260458839,0.07824569130180307,0.35722888700505817,0.11352440404916543,D-I FCS
175078,NCAA Division II with football,Southwest Minnesota State University,6556438,21870000,8648000,57715000,21870000,8648000,329,145,0.44072948328267475,0.11360024257125531,0.3789309538248289,0.1498397297063155,D-II
207865,NCAA Division II with football,Southwestern Oklahoma State University,5681448,41333782,5808808,89286332,41333782,5808808,863,326,0.37775202780996525,0.06363177736991145,0.4629351556294193,0.06505819950135257,D-II
163912,NCAA Division III without football,St. Mary's College of Maryland,4203426,29047615,25411399,89479970,29047615,25411399,341,232,0.6803519061583577,0.046976166844937474,0.3246270087037356,0.2839898024105283,D-III
196149,NCAA Division III with football,State University of New York at Cortland,7265609,70819279,26018775,177178885,70819279,26018775,1288,879,0.6824534161490683,0.041007194508533,0.3997049591998505,0.14685031458460754,D-III
196176,NCAA Division III without football,State University of New York at New Paltz,3170773,86235152,28770257,193747906,86235152,28770257,1099,757,0.6888080072793449,0.016365456873634547,0.44508946589595655,0.14849325390902549,D-III
196194,NCAA Division III without football,State University of New York at Oswego,3971524,84820313,22786537,204845407,84820313,22786537,1461,882,0.6036960985626283,0.019387908463087973,0.4140698795360347,0.11123772474918123,D-III
228431,NCAA Division I-FCS,Stephen F Austin State University,23836563,85358250,36626095,259065225,85358250,36626095,2317,1199,0.5174794993526112,0.09200989055941414,0.32948555716036376,0.14137789045210525,D-I FCS
186876,NCAA Division III without football,Stockton University,6300141,85169694,42857192,249732522,85169694,42857192,1559,1122,0.7196921103271328,0.02522755526410773,0.34104366270725445,0.17161237814272343,D-III
196097,NCAA Division I-FCS,Stony Brook University,40755628,520657409,173957583,3502234403,520657409,173957583,3160,2460,0.7784810126582279,0.011637036049068815,0.14866435226437355,0.04967045690916309,D-I FCS
228501,NCAA Division II with football,Sul Ross State University,2422152,15220174,11909097,63876350,15220174,11909097,328,90,0.27439024390243905,0.0379193864395821,0.23827557460625098,0.18643984823804116,D-II
196158,NCAA Division III without football,SUNY at Fredonia,2763341,54109514,15385154,122519705,54109514,15385154,1122,600,0.5347593582887701,0.022554257700832695,0.44163927753498916,0.1255728945805085,D-III
196219,NCAA Division III without football,SUNY at Purchase College,2038066,59934363,19423018,148860723,59934363,19423018,757,466,0.6155878467635403,0.013691092982263696,0.4026203943668875,0.1304777889598185,D-III
196121,NCAA Division III with football,SUNY Brockport,5119991,77568218,28911964,191656652,77568218,28911964,1257,712,0.5664280031821798,0.026714392360354913,0.40472489313859034,0.1508529116954417,D-III
196130,NCAA Division III with football,SUNY Buffalo State University,4478480,86819827,48847083,225940974,86819827,48847083,1801,649,0.3603553581343698,0.01982146009514857,0.3842588861283744,0.21619400029673236,D-III
196167,NCAA Division III without football,SUNY College at Geneseo,4857408,57412198,23656291,138878942,57412198,23656291,1333,961,0.7209302325581395,0.034975842485896816,0.41339743213193547,0.17033749436253626,D-III
196246,NCAA Division III without football,SUNY College at Plattsburgh,4479927,56254414,16247951,139387618,56254414,16247951,1108,652,0.5884476534296029,0.03214006426309689,0.40358257646672746,0.11656667380599042,D-III
196200,NCAA Division III without football,SUNY College at Potsdam,1757516,46196661,14545261,104413656,46196661,14545261,779,373,0.47881899871630296,0.016832242709708393,0.4424388798338792,0.13930420174158062,D-III
196033,NCAA Division III without football,SUNY College of Agriculture and Technology at Cobleskill,1872563,24678947,14923868,78157553,24678947,14923868,191,117,0.612565445026178,0.023958823275851537,0.31575895166523443,0.19094594734817247,D-III
196006,NCAA Division III with football,SUNY College of Technology at Alfred,3486754,44079194,13316185,95675909,44079194,13316185,293,147,0.5017064846416383,0.036443385136795514,0.46071361600546695,0.1391801252706154,D-III
196015,NCAA Division III without football,SUNY College of Technology at Canton,3296537,31358118,11652004,75953379,31358118,11652004,208,118,0.5673076923076923,0.04340211118191332,0.4128600782856547,0.15340994901622482,D-III
196024,NCAA Division III without football,SUNY College of Technology at Delhi,1461349,32108236,11512032,74274181,32108236,11512032,124,73,0.5887096774193549,0.0196750604358734,0.43229336988582884,0.15499372520849472,D-III
196291,NCAA Division III with football,SUNY Maritime College,1083180,26265082,11450635,72580382,26265082,11450635,331,250,0.7552870090634441,0.01492386744396027,0.3618757751922551,0.15776487646482765,D-III
196051,NCAA Division III with football,SUNY Morrisville,3429573,32290136,10151470,79710355,32290136,10151470,127,46,0.36220472440944884,0.04302543879022995,0.4050933658493931,0.1273544698176291,D-III
196237,NCAA Division III without football,SUNY Old Westbury,1924205,50644145,19053667,110042453,50644145,19053667,659,307,0.4658573596358118,0.017486024234665144,0.4602237011201486,0.1731483303084856,D-III
196185,NCAA Division III without football,SUNY Oneonta,3745045,61644012,20569322,157233510,61644012,20569322,1381,970,0.7023895727733527,0.023818364164229368,0.39205390759259906,0.13082021764953286,D-III
196112,NCAA Division III without football,SUNY Polytechnic Institute,2290429,35990574,31350682,393352582,35990574,31350682,463,274,0.591792656587473,0.005822839622290823,0.09149698170787653,0.07970122336708088,D-III
228529,NCAA Division I-FCS,Tarleton State University,27686274,69280662,28481149,300995511,69280662,28481149,1743,893,0.5123350545037292,0.09198234853409491,0.23017174498658885,0.09462316864918295,D-I FCS
221838,NCAA Division I-FCS,Tennessee State University,20340661,75326814,19932104,259717902,75326814,19932104,1399,472,0.33738384560400286,0.07831828627662332,0.29003319917469533,0.07674520642015659,D-I FCS
221847,NCAA Division I-FCS,Tennessee Technological University,18279402,91486036,19489123,218443975,91486036,19489123,1750,949,0.5422857142857143,0.08368004656571554,0.4188077789739909,0.08921794707315686,D-I FCS
226152,NCAA Division II without football,Texas A & M International University,6607641,45708168,10949248,241157880,45708168,10949248,1116,546,0.489247311827957,0.02739964789871266,0.18953628220649477,0.045402820757920084,D-II
228723,NCAA Division I-FBS,Texas A & M University-College Station,223847369,1229963036,173059757,4036038657,1229963036,173059757,10096,8458,0.8377575277337559,0.05546214692759817,0.30474510789602677,0.04287861730458148,D-I FBS
224554,NCAA Division I-FCS,Texas A & M University-Commerce,17433995,73686133,17900961,231490648,73686133,17900961,860,395,0.45930232558139533,0.07531187609790613,0.31831148962873007,0.07732908933755285,D-I FCS
224147,NCAA Division I without football,Texas A & M University-Corpus Christi,15904566,91781692,22535088,298992349,91781692,22535088,2223,750,0.33738191632928477,0.05319388958678672,0.3069700355442875,0.07537011590888568,D-I no football
228705,NCAA Division II with football,Texas A & M University-Kingsville,11384781,56565165,16909870,200641313,56565165,16909870,1077,491,0.4558960074280409,0.05674195822273153,0.28192182434531815,0.08427910357624105,D-II
228459,NCAA Division I-FBS,Texas State University,46310998,226321160,52063798,819243775,226321160,52063798,5724,3215,0.5616701607267645,0.05652895928321213,0.27625618516295714,0.06355104498657924,D-I FBS
229115,NCAA Division I-FBS,Texas Tech University,114344886,307403873,82071886,1206244503,307403873,82071886,5325,3596,0.6753051643192488,0.09479411986178395,0.2548437503636027,0.06803917928403608,D-I FBS
229179,NCAA Division II without football,Texas Woman's University,4568437,104662553,43643291,271213446,104662553,43643291,1244,550,0.44212218649517687,0.016844434032964574,0.38590473497394373,0.16091861094527002,D-II
187134,NCAA Division III with football,The College of New Jersey,4962193,87234000,30487000,261068000,87234000,30487000,1537,1310,0.852309694209499,0.01900728162777514,0.3341428286883111,0.11677800419813995,D-III
100751,NCAA Division I-FBS,The University of Alabama,243096720,330839391,127881675,1330548548,330839391,127881675,7380,5438,0.7368563685636856,0.18270413384420153,0.24864886854169863,0.09611199470490873,D-I FBS
180489,NCAA Division I-FCS,The University of Montana,28044922,92383429,33027204,404381565,92383429,33027204,1219,584,0.47908121410992616,0.06935262244212344,0.2284560845398578,0.08167336708338818,D-I FCS
221740,NCAA Division I-FCS,The University of Tennessee-Chattanooga,22508082,99989992,24178167,241202804,99989992,24178167,2134,1133,0.5309278350515464,0.09331600473433965,0.41454738643917255,0.10023999140573839,D-I FCS
221759,NCAA Division I-FBS,The University of Tennessee-Knoxville,204906178,418891785,101310659,1602359215,418891785,101310659,4883,3589,0.7349989760393201,0.1278778042288102,0.26142189658765125,0.06322593464162778,D-I FBS
221768,NCAA Division I-FCS,The University of Tennessee-Martin,15320815,56463801,10339196,125693360,56463801,10339196,1045,573,0.5483253588516747,0.12189040853072906,0.44921864607645146,0.08225729664637814,D-I FCS
228769,NCAA Division I without football,The University of Texas at Arlington,18654551,262881483,69245542,832280387,262881483,69245542,3153,1782,0.5651760228353948,0.022413781811249145,0.3158568760073401,0.08319977627924086,D-I no football
228778,NCAA Division I-FBS,The University of Texas at Austin,237475591,993314647,305665896,4164340245,993314647,305665896,8238,7220,0.8764263170672494,0.05702598179510666,0.2385286956781794,0.07340079772948524,D-I FBS
228787,NCAA Division III without football,The University of Texas at Dallas,4294093,296434928,62736746,811986922,296434928,62736746,3083,2304,0.7473240350308141,0.005288377046052966,0.36507352516202224,0.07726324685805716,D-III
228796,NCAA Division I-FBS,The University of Texas at El Paso,36602226,146105840,44351527,559518803,146105840,44351527,3084,1417,0.4594682230869001,0.06541732968355668,0.26112766758975214,0.07926726816364024,D-I FBS
229027,NCAA Division I-FBS,The University of Texas at San Antonio,48689117,181858029,61593815,767388826,181858029,61593815,4944,2531,0.5119336569579288,0.06344777947027339,0.23698289946171303,0.08026415411996109,D-I FBS
228802,NCAA Division II without football,The University of Texas at Tyler,9252569,198972020,33942020,559467647,198972020,33942020,650,304,0.4676923076923077,0.016538166325817942,0.3556452657574317,0.06066842324485655,D-II
227368,NCAA Division I without football,The University of Texas Rio Grande Valley,20007469,251992021,47032559,759034241,251992021,47032559,4189,2064,0.49271902602052997,0.026359112566042987,0.33199032057896316,0.06196368550914951,D-I no football
138354,NCAA Division II with football,The University of West Florida,13028397,71277844,26625333,234757723,71277844,26625333,1067,659,0.6176194939081537,0.05549720296102889,0.3036229994444102,0.11341621762109186,D-II
164076,NCAA Division I-FCS,Towson University,27431821,157652088,63884279,502520640,157652088,63884279,2733,1848,0.6761800219538968,0.054588446357148636,0.31372261246821626,0.12712767181065437,D-I FCS
102368,NCAA Division I-FBS,Troy University,36937664,88946798,40519792,258123773,88946798,40519792,1861,876,0.4707146695325094,0.1431005891890477,0.3445897174298626,0.15697814861864737,D-I FBS
178615,NCAA Division II with football,Truman State University,5925685,46101334,6025329,99237449,46101334,6025329,1319,902,0.6838514025777104,0.059712185870477184,0.4645558150129393,0.0607162826202838,D-II
197027,NCAA Division III with football,United States Merchant Marine Academy,4965476,19033806,43298342,101455282,19033806,43298342,263,212,0.8060836501901141,0.04894250848368841,0.18760783691873234,0.42677267409300584,D-III
196060,NCAA Division I-FCS,University at Albany,22862969,221713275,74891622,584492704,221713275,74891622,2811,1796,0.6389185343294201,0.03911591854532371,0.37932599240793946,0.12813097834665188,D-I FCS
196088,NCAA Division I-FBS,University at Buffalo,42113971,509489584,142583733,1270172967,509489584,142583733,4031,2959,0.7340610270404366,0.03315609140971428,0.40111827068982175,0.11225536734321004,D-I FBS
200800,NCAA Division I-FBS,University of Akron Main Campus,30010416,111294244,45701126,320814963,111294244,45701126,2869,1529,0.5329383060299756,0.09354431513844322,0.3469110136237629,0.1424532246645865,D-I FBS
100663,NCAA Division I-FBS,University of Alabama at Birmingham,42655846,349881220,284418368,4677414873,349881220,284418368,2198,1372,0.6242038216560509,0.009119534434763833,0.07480226353656613,0.060806743836597024,D-I FBS
100706,NCAA Division II without football,University of Alabama in Huntsville,8054352,72583420,23128046,306323891,72583420,23128046,1339,829,0.6191187453323376,0.02629358086862379,0.23694991521245726,0.07550193334414128,D-II
102553,NCAA Division II without football,University of Alaska Anchorage,9963831,109733004,39682059,272589585,109733004,39682059,946,289,0.3054968287526427,0.036552500712747335,0.4025575812076606,0.14557437695207615,D-II
102614,NCAA Division II without football,University of Alaska Fairbanks,8552795,87128636,41527575,461221438,87128636,41527575,387,142,0.3669250645994832,0.018543793274414102,0.1889084696015366,0.09003825836907434,D-II
104179,NCAA Division I-FBS,University of Arizona,138959027,711445000,241591000,2583810000,711445000,241591000,5875,3871,0.6588936170212766,0.05378066769615413,0.2753472585058499,0.09350184417584885,D-I FBS
106397,NCAA Division I-FBS,University of Arkansas,170011614,307023465,71733106,1095951026,307023465,71733106,5028,3518,0.6996817820206842,0.15512701750963095,0.2801434167369446,0.06545283894829804,D-I FBS
106245,NCAA Division I without football,University of Arkansas at Little Rock,15147282,55126124,25512002,182867851,55126124,25512002,705,294,0.41702127659574467,0.08283184779155085,0.30145333747045566,0.13951059117548223,D-I no football
106485,NCAA Division II with football,University of Arkansas at Monticello,4585105,22333943,8772581,48932018,22333943,8772581,404,182,0.4504950495049505,0.09370357462060935,0.45642799771715936,0.17928099756686922,D-II
106412,NCAA Division I-FCS,University of Arkansas at Pine Bluff,9236849,26340250,20261480,100110341,26340250,20261480,503,200,0.3976143141153082,0.09226668202039189,0.26311217939013914,0.20239147921791617,D-I FCS
108092,NCAA Division II without football,University of Arkansas-Fort Smith,4708848,37767522,13921253,82563966,37767522,13921253,756,291,0.38492063492063494,0.05703272539015386,0.4574334764877937,0.1686117282689642,D-II
110635,NCAA Division I-FBS,University of California-Berkeley,146563317,1002622163,388822454,3610172375,1002622163,388822454,6344,5893,0.9289092055485498,0.040597318292869604,0.27772141018612717,0.10770190827799463,D-I FBS
110644,NCAA Division I-FCS,University of California-Davis,46626686,1218534817,206060646,6669579225,1218534817,206060646,5832,4961,0.8506515775034293,0.00699094866812981,0.18270040371249957,0.03089559911480023,D-I FCS
110653,NCAA Division I without football,University of California-Irvine,29611950,1046816321,127332562,4670303857,1046816321,127332562,6534,5616,0.859504132231405,0.006340476103201865,0.22414308641417377,0.02726429926163153,D-I no football
110662,NCAA Division I-FBS,University of California-Los Angeles,170897220,3269404699,336998098,11584812021,3269404699,336998098,6020,5578,0.926578073089701,0.014751833667237025,0.28221473883853193,0.029089647496145593,D-I FBS
110671,NCAA Division I without football,University of California-Riverside,16771144,421724156,87443549,1587553883,421724156,87443549,4574,3502,0.7656318320944469,0.010564141588887412,0.26564399515250975,0.05508068100010436,D-I no football
110680,NCAA Division II without football,University of California-San Diego,30251874,1126668134,311220733,7915985516,1126668134,311220733,5690,4986,0.876274165202109,0.0038216181597167036,0.14232822075315177,0.039315475296278955,D-II
110705,NCAA Division I without football,University of California-Santa Barbara,28864183,405944598,67505828,1568891119,405944598,67505828,4514,3866,0.8564466105449712,0.018397824202356264,0.2587461890017876,0.04302773288883663,D-I no football
110714,NCAA Division III without football,University of California-Santa Cruz,4358257,255316003,76980976,968270414,255316003,76980976,4032,3002,0.7445436507936508,0.004501074221606858,0.2636825408568148,0.07950359206162835,D-III
106704,NCAA Division I-FCS,University of Central Arkansas,16831604,79385547,16973637,219734640,79385547,16973637,1927,1028,0.5334717176959004,0.07659968405527685,0.3612791638132249,0.07724606825760381,D-I FCS
132903,NCAA Division I-FBS,University of Central Florida,90055820,473157835,136551966,1382919989,473157835,136551966,6680,5020,0.7514970059880239,0.06512005084626772,0.34214404214530447,0.09874176892818055,D-I FBS
176965,NCAA Division II with football,University of Central Missouri,14008234,99544739,15102012,225435139,99544739,15102012,1662,821,0.49398315282791816,0.062138644676862025,0.4415670930519842,0.06699049698725096,D-II
206941,NCAA Division II with football,University of Central Oklahoma,13208294,101678627,27537148,216571271,101678627,27537148,1998,751,0.3758758758758759,0.06098820928099923,0.46949268261901644,0.12715051203628944,D-II
201885,NCAA Division I-FBS,University of Cincinnati-Main Campus,89597392,460029671,158442124,1472319398,460029671,158442124,5349,3827,0.7154608338007105,0.06085458910730184,0.3124523602860254,0.10761396217099899,D-I FBS
126614,NCAA Division I-FBS,University of Colorado Boulder,138325220,656445215,122447000,1963536554,656445215,122447000,6468,4853,0.7503092145949288,0.07044697982230688,0.3343177969682962,0.0623604382360788,D-I FBS
126580,NCAA Division II without football,University of Colorado Colorado Springs,7292456,104495811,38081958,258857877,104495811,38081958,1930,875,0.4533678756476684,0.02817165961691017,0.40368024419824783,0.14711531455540755,D-II
129020,NCAA Division I-FBS,University of Connecticut,91528665,664406909,140463816,2848664715,664406909,140463816,3644,3057,0.8389132821075741,0.03213037480965885,0.2332345065045677,0.049308651615042734,D-I FBS
134130,NCAA Division I-FBS,University of Florida,180556616,1347673000,240617000,4663419000,1347673000,240617000,6292,5753,0.9143356643356644,0.03871764814613484,0.28898818656440695,0.05159669332736346,D-I FBS
139959,NCAA Division I-FBS,University of Georgia,182882099,439309622,124101895,1909017084,439309622,124101895,5763,5069,0.8795766094048239,0.09579908976864872,0.2301234628448197,0.06500826841212282,D-I FBS
141565,NCAA Division II without football,University of Hawaii at Hilo,6082516,49974194,8389008,122418376,49974194,8389008,406,169,0.41625615763546797,0.049686298730184104,0.40822461163837037,0.06852735899714925,D-II
141574,NCAA Division I-FBS,University of Hawaii at Manoa,53350682,376256607,33604437,1079657180,376256607,33604437,1897,1187,0.6257248286768582,0.049414465061956056,0.3484963690048354,0.03112509935792767,D-I FBS
225511,NCAA Division I-FBS,University of Houston,98914486,355013689,106082218,1271642210,355013689,106082218,4741,3078,0.6492301202278,0.07778484012417297,0.2791773395128178,0.08342143502770327,D-I FBS
142285,NCAA Division I-FCS,University of Idaho,24112825,119793445,58734877,488577441,119793445,58734877,1514,922,0.6089828269484808,0.04935312803359662,0.24518824437495876,0.1202161051066621,D-I FCS
145600,NCAA Division I without football,University of Illinois Chicago,23459262,847682184,89301033,3248061411,847682184,89301033,4010,2418,0.6029925187032419,0.007222542628212641,0.26098095963617235,0.02749364057513505,D-I no football
148654,NCAA Division II without football,University of Illinois Springfield,5337503,30370109,11899073,111192169,30370109,11899073,244,150,0.6147540983606558,0.048002508162242975,0.27313172567035726,0.1070135883400206,D-II
145637,NCAA Division I-FBS,University of Illinois Urbana-Champaign,149390875,784080941,63393088,2776202683,784080941,63393088,7498,6365,0.8488930381435049,0.05381122780220294,0.2824292858015367,0.02283445959770366,D-I FBS
153658,NCAA Division I-FBS,University of Iowa,150493777,436787000,78127000,4633304000,436787000,78127000,4707,3439,0.7306139791799448,0.03248087692929279,0.0942711723642567,0.016862049198584854,D-I FBS
155317,NCAA Division I-FBS,University of Kansas,156040840,541229119,106520576,1564691910,541229119,106520576,4072,2801,0.68786836935167,0.09972623939750541,0.3459013979307914,0.0680776677627227,D-I FBS
157085,NCAA Division I-FBS,University of Kentucky,193915782,360726854,108473816,5428688839,360726854,108473816,4719,3291,0.6973935155753338,0.03572055569051929,0.06644824647316648,0.01998158657035528,D-I FBS
160658,NCAA Division I-FBS,University of Louisiana at Lafayette,42952287,117346812,39867879,410333119,117346812,39867879,2971,1545,0.5200269269606194,0.10467662738186143,0.28597938252213073,0.09715978836209904,D-I FBS
159993,NCAA Division I-FBS,University of Louisiana at Monroe,20557764,50363289,16361595,150668394,50363289,16361595,1338,678,0.5067264573991032,0.13644377200967578,0.33426578503252646,0.10859341209942146,D-I FBS
157289,NCAA Division I-FBS,University of Louisville,165168798,302026000,122252000,1222977000,302026000,122252000,2607,1582,0.6068277713847334,0.1350547050353359,0.24695967299466792,0.09996263216724435,D-I FBS
161253,NCAA Division I-FCS,University of Maine,20148241,121519000,42093000,471481000,121519000,42093000,2330,1318,0.5656652360515021,0.04273394049813248,0.25773891206644595,0.08927825299428821,D-I FCS
161226,NCAA Division III without football,University of Maine at Farmington,2019515,17939000,5134000,46892000,17939000,5134000,436,230,0.5275229357798165,0.04306736756802866,0.3825599249338906,0.10948562654610594,D-III
161341,NCAA Division III without football,University of Maine at Presque Isle,1159316,8457000,2971000,25700000,8457000,2971000,134,49,0.3656716417910448,0.0451095719844358,0.32906614785992216,0.11560311284046693,D-III
232681,NCAA Division III without football,University of Mary Washington,4959297,38949234,18075134,128460427,38949234,18075134,932,628,0.6738197424892703,0.03860564000772004,0.30320025325776007,0.1407058533286675,D-III
163338,NCAA Division I without football,University of Maryland Eastern Shore,9402536,51863815,30568878,152996605,51863815,30568878,560,194,0.3464285714285714,0.06145584733726608,0.3389867049664272,0.19980102172855405,D-I no football
163268,NCAA Division I without football,University of Maryland-Baltimore County,19640590,167674232,49774931,564638565,167674232,49774931,1759,1241,0.7055144968732234,0.034784358025562775,0.296958518942113,0.08815361557884378,D-I no football
163286,NCAA Division I-FBS,University of Maryland-College Park,132764504,705578692,151184065,2417238070,705578692,151184065,5173,4591,0.8874927508215735,0.05492404974409492,0.29189458032985555,0.06254413534038043,D-I FBS
166629,NCAA Division I-FBS,University of Massachusetts-Amherst,49525166,621458123,139445548,1515351977,621458123,139445548,4697,3916,0.8337236533957846,0.03268228553609496,0.4101081019013974,0.0920218867408387,D-I FBS
166638,NCAA Division III without football,University of Massachusetts-Boston,5738015,214706000,77541000,491737000,214706000,77541000,1787,914,0.5114717403469502,0.011668869741345475,0.436627709527654,0.15768795107954048,D-III
167987,NCAA Division III with football,University of Massachusetts-Dartmouth,5128985,105078000,41878000,291221000,105078000,41878000,1311,642,0.4897025171624714,0.017612002568496092,0.3608187596361526,0.14380144289045088,D-III
166513,NCAA Division I without football,University of Massachusetts-Lowell,23303628,192587000,55776000,554988000,192587000,55776000,1992,1397,0.7013052208835341,0.041989426798417266,0.34701110654644785,0.1004994702588164,D-I no football
220862,NCAA Division I-FBS,University of Memphis,62737618,144879790,36175489,524400405,144879790,36175489,2606,1288,0.49424405218726014,0.11963686031096792,0.27627703681884075,0.06898447952190273,D-I FBS
170976,NCAA Division I-FBS,University of Michigan-Ann Arbor,220814081,1413154000,473790000,12424128000,1413154000,473790000,6812,6350,0.9321785085143863,0.01777300435088885,0.11374271095725993,0.03813466828416449,D-I FBS
174075,NCAA Division II without football,University of Minnesota-Crookston,5959751,11894936,3539981,40409538,11894936,3539981,187,93,0.49732620320855614,0.14748376979712066,0.29435961381196685,0.08760261005706128,D-II
174233,NCAA Division II with football,University of Minnesota-Duluth,13920940,75877618,14972050,248691469,75877618,14972050,2256,1454,0.6445035460992907,0.055976749246674,0.3051074421857229,0.06020331159811517,D-II
174251,NCAA Division III with football,University of Minnesota-Morris,1793804,15205080,3715132,50010051,15205080,3715132,352,218,0.6193181818181818,0.035868869639825,0.3040404817823521,0.07428770668520214,D-III
174066,NCAA Division I-FBS,University of Minnesota-Twin Cities,138599675,811300984,320424912,3682010227,811300984,320424912,6179,5241,0.8481955008901116,0.03764239272983421,0.22034186055507662,0.087024449212644725,D-I FBS
176017,NCAA Division I-FBS,University of Mississippi,145401658,365073202,151102104,2522958161,365073202,151102104,3634,2489,0.6849201981287837,0.05763141864483737,0.14470045823324298,0.05989084810669597,D-I FBS
178396,NCAA Division I-FBS,University of Missouri-Columbia,157734870,363819810,100900982,3187522903,363819810,100900982,4084,3111,0.7617531831537708,0.049485093848751556,0.1141387281194384,0.03165498259009686,D-I FBS
178402,NCAA Division I without football,University of Missouri-Kansas City,17404163,151467107,51260332,463151884,151467107,51260332,1116,613,0.5492831541218638,0.037577657786230664,0.3270354979275006,0.1106771531560908,D-I no football
178420,NCAA Division II without football,University of Missouri-St Louis,6099282,83060970,27884276,241488309,83060970,27884276,466,265,0.5686695278969958,0.02525704877911916,0.3439544147870115,0.11546843039925382,D-II
101709,NCAA Division II without football,University of Montevallo,8248768,30177563,20880053,81795827,30177563,20880053,482,238,0.49377593360995853,0.10084582921326782,0.36893768431487345,0.2552703941730426,D-II
181215,NCAA Division II with football,University of Nebraska at Kearney,10046054,52051190,12387379,124223823,52051190,12387379,730,439,0.6013698630136987,0.08087059114257013,0.4190113356920274,0.09971822393519478,D-II
181394,NCAA Division I without football,University of Nebraska at Omaha,27244703,136712802,31232966,312449036,136712802,31232966,1542,761,0.49351491569390404,0.08719727014936285,0.43755232453333603,0.09996179344909228,D-I no football
181464,NCAA Division I-FBS,University of Nebraska-Lincoln,175438100,274517187,65451803,1205842444,274517187,65451803,4312,2845,0.6597866419294991,0.14549006868429654,0.22765593329869552,0.05427890129898264,D-I FBS
182281,NCAA Division I-FBS,University of Nevada-Las Vegas,65376772,391596000,65123000,920612000,391596000,65123000,4043,2027,0.5013603759584467,0.07101446863608121,0.4253648659804565,0.07073881287665162,D-I FBS
182290,NCAA Division I-FBS,University of Nevada-Reno,53916558,275996495,81480491,836784547,275996495,81480491,3587,2240,0.6244772790632841,0.06443302304434166,0.32982981818855217,0.09737332183310503,D-I FBS
183044,NCAA Division I-FCS,University of New Hampshire-Main Campus,34986719,173594764,50991921,680717770,173594764,50991921,2954,2267,0.7674339878131348,0.05139680575695857,0.25501723570401286,0.074909049311288,D-I FCS
187985,NCAA Division I-FBS,University of New Mexico-Main Campus,53043230,277403905,73789278,3020111368,277403905,73789278,3164,1662,0.5252844500632111,0.017563335763716114,0.09185221046457781,0.024432634763685974,D-I FBS
159939,NCAA Division I without football,University of New Orleans,7856085,37587039,15847407,179310299,37587039,15847407,948,403,0.42510548523206754,0.04381279292830804,0.20962007876636243,0.0883797923955277,D-I no football
101879,NCAA Division I-FCS,University of North Alabama,15423738,57234317,13339192,151557273,57234317,13339192,1105,597,0.5402714932126697,0.10176837900745285,0.3776415071812489,0.08801419909422625,D-I FCS
199111,NCAA Division I without football,University of North Carolina Asheville,9002141,34280188,16859725,103497598,34280188,16859725,646,355,0.5495356037151703,0.08697922631982241,0.3312172326936515,0.1628996742513773,D-I no football
199120,NCAA Division I-FBS,University of North Carolina at Chapel Hill,149062850,951595762,244115202,3618423208,951595762,244115202,4351,4006,0.920707883245231,0.04119552673397511,0.26298630848268645,0.06746452473007684,D-I FBS
199139,NCAA Division I-FBS,University of North Carolina at Charlotte,47156982,274345001,53315625,705130768,274345001,53315625,3351,2269,0.6771113100566994,0.06687693140061646,0.38906967820754634,0.07561097518297485,D-I FBS
199148,NCAA Division I without football,University of North Carolina at Greensboro,16564466,157565765,47152209,444681624,157565765,47152209,2767,1602,0.5789663895916155,0.03725016979788668,0.35433387955783846,0.10603588377647914,D-I no football
199281,NCAA Division II with football,University of North Carolina at Pembroke,4461316,48092100,24493278,157672592,48092100,24493278,1022,455,0.4452054794520548,0.028294809791672607,0.30501242727080935,0.15534264826444916,D-II
199218,NCAA Division I without football,University of North Carolina Wilmington,20640983,164495414,35457901,390457967,164495414,35457901,2135,1510,0.7072599531615925,0.05286352115847594,0.42128840464920003,0.09081105777513819,D-I no football
200280,NCAA Division I-FCS,University of North Dakota,31552730,209718811,44387596,599219937,209718811,44387596,1920,1216,0.6333333333333333,0.05265634210698834,0.3499863706971419,0.07407563276720547,D-I FCS
136172,NCAA Division I without football,University of North Florida,17324591,120083912,32648281,329543847,120083912,32648281,2134,1455,0.6818181818181818,0.05257142913671212,0.364394338092436,0.09907112906890354,D-I no football
482680,NCAA Division II without football,University of North Georgia,6517782,86969250,29746799,272586461,86969250,29746799,1450,788,0.543448275862069,0.02391087941818211,0.3190519796212476,0.10912794014373296,D-II
227216,NCAA Division I-FBS,University of North Texas,53633725,246929777,67952066,944733260,246929777,67952066,4699,2799,0.5956586507767611,0.056771289072642575,0.2613751282557788,0.0719272506612078,D-I FBS
127741,NCAA Division I-FCS,University of Northern Colorado,21711259,74394498,25974957,219669414,74394498,25974957,2131,1094,0.5133740028155795,0.09883605825979942,0.3386657097378154,0.11824566983185014,D-I FCS
154095,NCAA Division I-FCS,University of Northern Iowa,17006201,89241906,28592543,254920216,89241906,28592543,1806,1245,0.6893687707641196,0.06671185701490226,0.35007779061351496,0.11216271290151425,D-I FCS
207500,NCAA Division I-FBS,University of Oklahoma-Norman Campus,188623620,354135000,41016000,1195663000,354135000,41016000,3955,2978,0.7529709228824273,0.15775650831379745,0.2961829545616114,0.03430398030214199,D-I FBS
209551,NCAA Division I-FBS,University of Oregon,148961287,331064432,123777993,1161521021,331064432,123777993,3860,2759,0.7147668393782384,0.12824674225159804,0.28502663835990966,0.10656543511664951,D-I FBS
243133,NCAA Division II without football,University of Puerto Rico-Bayamon,477258,15729812,7107959,29090368,15729812,7107959,885,277,0.3129943502824859,0.016406048902509587,0.5407223449356158,0.2443406353608177,D-II
243197,NCAA Division II without football,University of Puerto Rico-Mayaguez,1374682,62997633,62599396,155870060,62997633,62599396,2285,1073,0.4695842450765864,0.008819410218999083,0.4041676316798749,0.4016127022726494,D-II
243221,NCAA Division II without football,University of Puerto Rico-Rio Piedras,1523196,94478556,17036809,160313406,94478556,17036809,2113,1109,0.5248461902508282,0.00950136384726303,0.5893365898545003,0.1062718921959652,D-II
217484,NCAA Division I-FCS,University of Rhode Island,37039351,167197080,67478154,634875270,167197080,67478154,3164,2217,0.7006953223767383,0.0583411462853168,0.2633542175930085,0.1062856866357387,D-I FCS
102094,NCAA Division I-FBS,University of South Alabama,30591632,140801000,26268000,1242246000,140801000,26268000,1868,981,0.5251605995717344,0.024626066012689917,0.11334389484852436,0.021145570201071287,D-I FBS
218645,NCAA Division II without football,University of South Carolina Aiken,5182036,30247635,7494641,67526317,30247635,7494641,566,227,0.4010600706713781,0.07674098381524347,0.4479384681975177,0.11098844617869504,D-II
218654,NCAA Division II without football,University of South Carolina Beaufort,2992483,17768203,3969289,40395421,17768203,3969289,482,186,0.38589211618257263,0.07407975770323078,0.43985685902369975,0.0982608647648455,D-II
218663,NCAA Division I-FBS,University of South Carolina-Columbia,183652273,495112543,109441316,1331931476,495112543,109441316,5869,4563,0.777474867950247,0.13788417520662302,0.37172523656164425,0.08216737720522194,D-I FBS
218742,NCAA Division I without football,University of South Carolina-Upstate,10502773,36832248,11721637,87643609,36832248,11721637,877,372,0.4241733181299886,0.11983501272751103,0.4202502432322247,0.1337420621279984,D-I no football
219471,NCAA Division I-FCS,University of South Dakota,21548929,84707252,25351562,241202863,84707252,25351562,1185,730,0.6160337552742616,0.08933944121550498,0.35118676016710465,0.10510473086714564,D-I FCS
137351,NCAA Division I-FBS,University of South Florida,95425212,518674267,136752438,1671993142,518674267,136752438,4846,3614,0.7457697069748246,0.057072729309077516,0.31021315457046295,0.08179007112219364,D-I FBS
151306,NCAA Division II without football,University of Southern Indiana,10433733,62148095,27048250,160607066,62148095,27048250,1673,869,0.5194261805140467,0.0649643459647037,0.3869574144390384,0.16841257781273458,D-II
161554,NCAA Division III without football,University of Southern Maine,4800396,61156000,21674000,211191000,61156000,21674000,887,411,0.4633596392333709,0.02273011634018495,0.28957673385702987,0.10262747939069373,D-III
176372,NCAA Division I-FBS,University of Southern Mississippi,28107301,99375736,28099813,373218174,99375736,28099813,1894,958,0.5058078141499472,0.07531064390235187,0.26626714057070544,0.0752905805707093,D-I FBS
131399,NCAA Division II without football,University of the District of Columbia,4863035,28418630,55996024,193183162,28418630,55996024,172,68,0.3953488372093023,0.025173182536478,0.14710717904079032,0.2898597549614598,D-II
206084,NCAA Division I-FBS,University of Toledo,37298170,236075489,53664529,1057051423,236075489,53664529,2973,1722,0.579212916246216,0.0352851045733846,0.22333396830401883,0.05076813467380385,D-I FBS
230764,NCAA Division I-FBS,University of Utah,111749094,568159000,364122000,7298992000,568159000,364122000,3696,2362,0.6390692640692641,0.015310209135727235,0.07784074842115185,0.04988661448046525,D-I FBS
231174,NCAA Division I without football,University of Vermont,23613400,178333000,64142000,741896000,178333000,64142000,2621,2059,0.7855780236550934,0.031828450348835954,0.24037466167764754,0.08645686187821473,D-I no football
233897,NCAA Division II with football,University of Virginia's College at Wise,5375071,17830686,10598606,66189323,17830686,10598606,261,130,0.49808429118773945,0.08120752345510468,0.2693891581275125,0.16012561421726582,D-II
234076,NCAA Division I-FBS,University of Virginia-Main Campus,134608065,633538014,160909663,5061591300,633538014,160909663,3787,3609,0.9529970953261157,0.026594020935668986,0.12516577820101754,0.031790331036802594,D-I FBS
236948,NCAA Division I-FBS,University of Washington-Seattle Campus,187686516,1849841221,359748684,8080204974,1849841221,359748684,6713,5619,0.8370326232682854,0.02322793995993003,0.22893493753590513,0.044522222537370995,D-I FBS
101587,NCAA Division II with football,University of West Alabama,9697700,40225171,8109708,87892801,40225171,8109708,441,166,0.3764172335600907,0.1103355438632568,0.45766172590176074,0.09226817108718609,D-II
141334,NCAA Division II with football,University of West Georgia,10334036,94853888,23800528,229729728,94853888,23800528,2176,930,0.4273897058823529,0.044983451162228336,0.41289339793237384,0.10360229913300555,D-II
240268,NCAA Division III with football,University of Wisconsin-Eau Claire,6877794,80569760,18810761,204220717,80569760,18810761,2343,1583,0.6756295347844644,0.03367823843258762,0.3945229513614919,0.09210995474078176,D-III
240277,NCAA Division I without football,University of Wisconsin-Green Bay,12675912,42618854,10964785,137972676,42618854,10964785,938,498,0.5309168443496801,0.09187262556247007,0.30889343626269883,0.07947069896651131,D-I no football
240329,NCAA Division III with football,University of Wisconsin-La Crosse,6703575,74892251,18480170,184861159,74892251,18480170,2114,1505,0.7119205298013245,0.03626275544447928,0.40512702292426933,0.09996783586107452,D-III
240444,NCAA Division I-FBS,University of Wisconsin-Madison,172873023,895860351,161082094,4038109175,895860351,161082094,6597,5893,0.893284826436259,0.04281038860223486,0.221851443875338,0.039890475224707116,D-I FBS
240453,NCAA Division I without football,University of Wisconsin-Milwaukee,14758861,198950172,42414214,590625608,198950172,42414214,3190,1633,0.5119122257053291,0.024988522001233648,0.3368465053076398,0.07181235189517891,D-I no football
240365,NCAA Division III with football,University of Wisconsin-Oshkosh,5219141,92044735,16587176,212923138,92044735,16587176,1501,869,0.5789473684210527,0.02451185460172957,0.4322909002026825,0.07790217707574834,D-III
240374,NCAA Division II without football,University of Wisconsin-Parkside,6125718,25902132,8749193,86198979,25902132,8749193,673,268,0.39821693907875183,0.07106485565217657,0.3004923294973134,0.10149996092181092,D-II
240462,NCAA Division III with football,University of Wisconsin-Platteville,5429277,41469493,15852683,142326015,41469493,15852683,1412,869,0.6154390934844193,0.03814676466561647,0.2913697330737462,0.11138289089313715,D-III
240471,NCAA Division III with football,University of Wisconsin-River Falls,4307948,39876353,10095119,113621623,39876353,10095119,1199,730,0.6088407005838199,0.03791486062472457,0.3509574317557495,0.08884857242357821,D-III
240480,NCAA Division III with football,University of Wisconsin-Stevens Point,4800897,53142945,16483339,175823147,53142945,16483339,1535,859,0.5596091205211726,0.02730526146253087,0.3022522682977572,0.09374953913206889,D-III
240426,NCAA Division III without football,University of Wisconsin-Superior,3056495,21483528,7908923,65798638,21483528,7908923,340,150,0.4411764705882353,0.04645225331259896,0.3265041443563011,0.12019888618363195,D-III
240189,NCAA Division III with football,University of Wisconsin-Whitewater,4814849,75946972,18435910,207125299,75946972,18435910,2000,1286,0.643,0.023246069037660147,0.36667163483491216,0.08900848949408155,D-III
240727,NCAA Division I-FBS,University of Wyoming,53042120,159316000,81589000,623641000,159316000,81589000,1681,1006,0.5984533016061868,0.08505232978588644,0.2554610745605244,0.13082686994601062,D-I FBS
230728,NCAA Division I-FBS,Utah State University,42936608,288045418,109129816,1022793391,288045418,109129816,3026,1879,0.6209517514871117,0.041979747207811204,0.2816262018650451,0.10669781107336077,D-I FBS
230171,NCAA Division I-FCS,Utah Tech University,18137527,35869114,24765682,160783477,35869114,24765682,1307,453,0.34659525631216526,0.11280715741705225,0.2230895529146941,0.15403126280196067,D-I FCS
230737,NCAA Division I without football,Utah Valley University,17929384,183996939,76821023,450881498,183996939,76821023,1521,640,0.42077580539119,0.039765180162704306,0.40808269981395423,0.17037963043673174,D-I no football
141264,NCAA Division II with football,Valdosta State University,7872376,57302660,26728984,178329135,57302660,26728984,1675,701,0.4185074626865672,0.044145203754843536,0.3213308918926792,0.14988568188815585,D-II
234030,NCAA Division I without football,Virginia Commonwealth University,42025801,424565029,98492408,1338491736,424565029,98492408,4110,2687,0.6537712895377129,0.031397878574574926,0.3171966009060216,0.07358462166851959,D-I no football
234085,NCAA Division I-FCS,Virginia Military Institute,19155089,35424403,8985616,119604051,35424403,8985616,423,346,0.817966903073286,0.16015418240306928,0.2961806285307176,0.07512802388273622,D-I FCS
233921,NCAA Division I-FBS,Virginia Polytechnic Institute and State University,126337823,584715946,109150338,1847331594,584715946,109150338,6766,5843,0.8635826189772391,0.06838935868922295,0.31651921501213715,0.05908540640701022,D-I FBS
234155,NCAA Division II with football,Virginia State University,8552806,51705282,32199420,199784929,51705282,32199420,1083,441,0.407202216066482,0.04281006601854337,0.2588047169463919,0.16117041541206545,D-II
156082,NCAA Division II with football,Washburn University,10492123,45795686,12904408,107241111,45795686,12904408,763,398,0.5216251638269986,0.09783676150091358,0.4270347963851288,0.12033079366363521,D-II
236939,NCAA Division I-FBS,Washington State University,78538161,291447942,144420332,1288094363,291447942,144420332,4523,2788,0.6164050409020562,0.06097236604396195,0.22626288133208763,0.11211937273263263,D-I FBS
181783,NCAA Division II with football,Wayne State College,6884354,24850766,8716669,66969990,24850766,8716669,605,337,0.5570247933884298,0.10279759635621866,0.3710731627703692,0.13015783636820014,D-II
172644,NCAA Division II with football,Wayne State University,14822060,318441000,108721000,925829000,318441000,108721000,2566,1450,0.5650818394388153,0.01600950067453061,0.343952284925186,0.11743097267421954,D-II
230782,NCAA Division I-FCS,Weber State University,18284425,123593399,48993355,298593537,123593399,48993355,1606,808,0.5031133250311333,0.06123516665399224,0.41391853367542913,0.16408042683120766,D-I FCS
216764,NCAA Division II with football,West Chester University of Pennsylvania,9780496,123551246,52229727,299078289,123551246,52229727,2619,1828,0.6979763268423063,0.03270212636531433,0.41310670330871124,0.17463563528678605,D-II
237932,NCAA Division II with football,West Liberty University,6065435,12616142,8327543,43323827,12616142,8327543,450,276,0.6133333333333333,0.14000229019472357,0.29120562225493146,0.19221623703741592,D-II
229814,NCAA Division II with football,West Texas A & M University,12421742,48719877,13688748,210141296,48719877,13688748,1228,581,0.4731270358306189,0.05911137999263125,0.23184342119980073,0.06514068515119466,D-II
237899,NCAA Division II with football,West Virginia State University,6582213,11896380,13091126,53787647,11896380,13091126,373,125,0.3351206434316354,0.12237406481082914,0.22117308831152252,0.24338536318571438,D-II
238032,NCAA Division I-FBS,West Virginia University,106013297,359033768,147551619,1267472878,359033768,147551619,5211,3189,0.6119746689694876,0.08364147181380555,0.28326741678806955,0.11641402475832702,D-I FBS
200004,NCAA Division I-FCS,Western Carolina University,16052292,88291475,33420890,268740231,88291475,33420890,1977,1168,0.5907941325240263,0.059731629835504604,0.3285383608976655,0.12436132050507913,D-I FCS
128391,NCAA Division II with football,Western Colorado University,7864970,31703447,8107825,73082466,31703447,8107825,446,226,0.5067264573991032,0.10761774240075588,0.4338037389159802,0.11094076929478543,D-II
130776,NCAA Division III with football,Western Connecticut State University,5347367,70194076,19554230,155075780,70194076,19554230,810,407,0.5024691358024691,0.0344822834358789,0.4526437074828835,0.1260946744875312,D-III
149772,NCAA Division I-FCS,Western Illinois University,13827702,70471429,16185062,200238082,70471429,16185062,1186,531,0.4477234401349072,0.06905630468434071,0.3519381942541779,0.08082909024268421,D-I FCS
157951,NCAA Division I-FBS,Western Kentucky University,36875120,130146064,39571772,294605782,130146064,39571772,2809,1587,0.5649697401210395,0.12516767237107382,0.44176344101759685,0.13432109760832867,D-I FBS
172699,NCAA Division I-FBS,Western Michigan University,40487398,193813887,52880100,505240446,193813887,52880100,3133,1810,0.5777210341525694,0.08013491065598498,0.38360722807215636,0.10466323592786948,D-I FBS
188304,NCAA Division II with football,Western New Mexico University,5270870,20881590,10312964,71575690,20881590,10312964,210,73,0.3476190476190476,0.07364050559624365,0.2917413719658169,0.1440847304440935,D-II
210429,NCAA Division II with football,Western Oregon University,8626225,31614102,9404740,118148548,31614102,9404740,754,338,0.4482758620689655,0.07301168864131957,0.2675792680922325,0.079600978253241,D-II
237011,NCAA Division II without football,Western Washington University,8194478,170160860,33776493,379687632,170160860,33776493,3071,2013,0.6554868121133182,0.02158215677670533,0.4481601339071271,0.08895863376450461,D-II
168263,NCAA Division III with football,Westfield State University,3288273,47818287,15350252,121422908,47818287,15350252,1008,553,0.5486111111111112,0.027081158359343528,0.3938160252264754,0.12641973621649713,D-III
156125,NCAA Division I without football,Wichita State University,33626420,104948117,30053318,567716079,104948117,30053318,1501,772,0.5143237841439041,0.05923105094932497,0.18486021601653457,0.052937232380201794,D-I no football
231624,NCAA Division I-FCS,William & Mary,30794145,152754874,57076007,548096570,152754874,57076007,1524,1387,0.9101049868766404,0.05618379439958911,0.27870065671091504,0.10413494651134197,D-I FCS
187444,NCAA Division III with football,William Paterson University of New Jersey,3218299,92176170,37632560,200632906,92176170,37632560,1310,625,0.4770992366412214,0.016040733617246217,0.45942697954043493,0.18756923153971564,D-III
175272,NCAA Division II with football,Winona State University,6971687,58876000,18823000,134982000,58876000,18823000,1593,970,0.6089139987445072,0.05164901246092071,0.436176675408573,0.13944822272599308,D-II
199999,NCAA Division II with football,Winston-Salem State University,4361892,45456557,30924721,159483611,45456557,30924721,933,453,0.4855305466237942,0.02735009555307849,0.28502337459615207,0.19390532234688365,D-II
218964,NCAA Division I without football,Winthrop University,11810051,37220422,11188363,129809566,37220422,11188363,1047,641,0.612225405921681,0.09097982039320585,0.2867309640338833,0.08619058937459201,D-I no football
168430,NCAA Division III with football,Worcester State University,2563828,40587936,13788705,119767211,40587936,13788705,899,499,0.5550611790878754,0.021406760486390553,0.3388902159540143,0.11512921512382884,D-III
206604,NCAA Division I without football,Wright State University-Main Campus,11815664,98368421,20756832,241569514,98368421,20756832,2099,963,0.45878989995235825,0.048912065948851474,0.4072054431504134,0.08592488206107,D-I no football
206695,NCAA Division I-FCS,Youngstown State University,21696473,79287304,23035152,208572621,79287304,23035152,2124,1135,0.5343691148775894,0.10402359090074435,0.3801424348980109,0.11044187817920742,D-I FCS
